rank_id,rank,movement,points,competitions_played,competitor_id
1142,1,0,7510,23,sr:competitor:49363
1143,1,0,7510,23,sr:competitor:51836
1144,3,0,6655,22,sr:competitor:87690
1145,4,0,6500,18,sr:competitor:15568
1146,4,0,6500,18,sr:competitor:16160
1147,6,0,5930,24,sr:competitor:16608
1148,7,0,5880,20,sr:competitor:36593
1149,8,0,5840,23,sr:competitor:50954
1150,9,0,5790,19,sr:competitor:52293
1151,10,0,5785,22,sr:competitor:95801
1152,11,0,5740,19,sr:competitor:15310
1153,12,0,5730,21,sr:competitor:124658
1154,13,0,5210,20,sr:competitor:16409
1155,14,0,5165,31,sr:competitor:637970
1156,15,0,5150,20,sr:competitor:15307
1157,16,0,5145,28,sr:competitor:14898
1158,17,0,3775,28,sr:competitor:16151
1159,18,0,3670,27,sr:competitor:53785
1160,19,0,3320,34,sr:competitor:55989
1161,19,0,3320,34,sr:competitor:210736
1162,21,0,3285,24,sr:competitor:38181
1163,22,0,3105,19,sr:competitor:15548
1164,23,0,2940,35,sr:competitor:59131
1165,24,0,2870,28,sr:competitor:52202
1166,25,0,2780,25,sr:competitor:112805
1167,26,0,2760,25,sr:competitor:16275
1168,27,0,2710,26,sr:competitor:47834
1169,28,0,2695,27,sr:competitor:106349
1170,29,0,2685,26,sr:competitor:59324
1171,30,0,2650,22,sr:competitor:14553
1172,31,0,2500,27,sr:competitor:81059
1173,31,0,2500,27,sr:competitor:104917
1174,33,0,2470,20,sr:competitor:74173
1175,34,0,2450,34,sr:competitor:206889
1176,35,0,2445,30,sr:competitor:56629
1177,36,0,2425,28,sr:competitor:76263
1178,37,0,2355,34,sr:competitor:108099
1179,38,0,2335,32,sr:competitor:106559
1180,39,0,2295,26,sr:competitor:16124
1181,40,0,2280,25,sr:competitor:14835
1182,41,0,2201,28,sr:competitor:45105
1183,42,0,2197,29,sr:competitor:114831
1184,43,0,2070,22,sr:competitor:25189
1185,44,0,2015,27,sr:competitor:47966
1186,45,0,1980,29,sr:competitor:15305
1187,46,0,1975,32,sr:competitor:15588
1188,47,0,1948,30,sr:competitor:78793
1189,48,0,1895,26,sr:competitor:22967
1190,49,0,1860,34,sr:competitor:48646
1191,50,0,1825,11,sr:competitor:300540
1192,51,0,1780,10,sr:competitor:75813
1193,52,0,1606,34,sr:competitor:108755
1194,52,0,1606,34,sr:competitor:231188
1195,54,0,1600,29,sr:competitor:230186
1196,55,0,1600,31,sr:competitor:47295
1197,56,0,1587,35,sr:competitor:69362
1198,57,0,1555,32,sr:competitor:66864
1199,58,0,1518,33,sr:competitor:62410
1200,59,0,1475,27,sr:competitor:25457
1201,60,0,1467,30,sr:competitor:49306
1202,61,0,1405,26,sr:competitor:104421
1203,62,0,1400,26,sr:competitor:16198
1204,63,0,1380,31,sr:competitor:81763
1205,64,0,1355,43,sr:competitor:231090
1206,65,0,1316,31,sr:competitor:52244
1207,66,0,1315,30,sr:competitor:70348
1208,67,0,1290,11,sr:competitor:203681
1209,68,0,1285,35,sr:competitor:111195
1210,69,0,1281,24,sr:competitor:121182
1211,70,0,1276,31,sr:competitor:16042
1212,71,0,1270,30,sr:competitor:17038
1213,72,0,1178,34,sr:competitor:918463
1214,73,0,1160,29,sr:competitor:41475
1215,74,0,1157,32,sr:competitor:204781
1216,75,0,1150,28,sr:competitor:152900
1217,76,0,1145,33,sr:competitor:127646
1218,77,0,1118,39,sr:competitor:23899
1219,78,0,1108,37,sr:competitor:223868
1220,79,0,1097,31,sr:competitor:76361
1221,80,0,1073,42,sr:competitor:112969
1222,80,0,1073,42,sr:competitor:936355
1223,82,0,1070,30,sr:competitor:16043
1224,83,0,1031,34,sr:competitor:287215
1225,84,0,1031,34,sr:competitor:52065
1226,85,0,1015,9,sr:competitor:47975
1227,86,0,1015,30,sr:competitor:52263
1228,87,0,1005,12,sr:competitor:63438
1229,88,0,990,9,sr:competitor:129368
1230,89,0,967,36,sr:competitor:16992
1231,90,0,960,7,sr:competitor:57163
1232,91,0,958,34,sr:competitor:1020797
1233,92,0,949,36,sr:competitor:98413
1234,93,0,948,39,sr:competitor:77653
1235,94,0,922,37,sr:competitor:73572
1236,95,0,915,8,sr:competitor:871495
1237,96,0,892,19,sr:competitor:299130
1238,97,0,892,37,sr:competitor:147104
1239,98,0,883,28,sr:competitor:60920
1240,99,0,882,37,sr:competitor:16492
1241,100,0,880,41,sr:competitor:16823
1242,101,0,875,15,sr:competitor:808628
1243,102,0,871,35,sr:competitor:16854
1244,103,0,834,27,sr:competitor:113221
1245,104,0,825,24,sr:competitor:47760
1246,105,0,811,30,sr:competitor:197678
1247,106,0,811,38,sr:competitor:121032
1248,107,0,772,36,sr:competitor:119150
1249,108,0,762,33,sr:competitor:50037
1250,109,0,760,12,sr:competitor:102151
1251,110,0,756,36,sr:competitor:145936
1252,111,0,754,30,sr:competitor:53759
1253,112,0,749,34,sr:competitor:234124
1254,113,0,733,38,sr:competitor:77011
1255,114,0,732,19,sr:competitor:35766
1256,115,0,730,13,sr:competitor:14508
1257,116,0,722,36,sr:competitor:209202
1258,117,0,720,15,sr:competitor:163480
1259,118,0,710,23,sr:competitor:305776
1260,119,0,705,37,sr:competitor:157396
1261,120,0,701,36,sr:competitor:37637
1262,120,0,701,36,sr:competitor:54609
1263,122,0,694,27,sr:competitor:16573
1264,123,0,689,32,sr:competitor:42151
1265,124,0,689,36,sr:competitor:69910
1266,125,0,684,37,sr:competitor:25458
1267,126,0,683,32,sr:competitor:44637
1268,127,0,658,23,sr:competitor:234044
1269,128,0,650,2,sr:competitor:46391
1270,129,0,641,13,sr:competitor:134610
1271,130,0,636,29,sr:competitor:296270
1272,131,0,636,32,sr:competitor:111607
1273,132,0,619,23,sr:competitor:263917
1274,133,0,613,23,sr:competitor:146040
1275,134,0,612,27,sr:competitor:58877
1276,135,0,602,20,sr:competitor:52951
1277,136,0,601,17,sr:competitor:405977
1278,137,0,600,20,sr:competitor:39712
1279,138,0,591,26,sr:competitor:243522
1280,139,0,590,15,sr:competitor:122368
1281,140,0,590,16,sr:competitor:838776
1282,141,0,580,30,sr:competitor:78387
1284,143,0,566,19,sr:competitor:15809
1285,144,0,565,32,sr:competitor:95923
1286,145,0,561,24,sr:competitor:119140
1287,146,0,552,33,sr:competitor:15275
1288,147,0,543,38,sr:competitor:256001
1289,148,0,539,37,sr:competitor:52260
1290,149,0,537,32,sr:competitor:110707
1292,151,0,531,10,sr:competitor:393598
1293,152,0,522,23,sr:competitor:548169
1294,153,0,521,15,sr:competitor:342826
1295,154,0,521,31,sr:competitor:92845
1296,155,0,521,36,sr:competitor:98981
1297,156,0,520,21,sr:competitor:216502
1298,157,0,519,32,sr:competitor:96859
1299,158,0,518,26,sr:competitor:195458
1300,159,0,516,19,sr:competitor:450383
1301,160,0,509,36,sr:competitor:112061
1302,161,0,495,13,sr:competitor:122366
1303,162,0,487,27,sr:competitor:240880
1304,163,0,486,33,sr:competitor:145008
1305,164,0,485,34,sr:competitor:50148
1306,165,0,480,5,sr:competitor:136042
1307,166,0,479,15,sr:competitor:530317
1308,167,0,472,27,sr:competitor:218344
1309,168,0,465,22,sr:competitor:59700
1310,169,0,465,28,sr:competitor:204495
1311,170,0,463,24,sr:competitor:124708
1312,171,0,460,13,sr:competitor:43319
1313,172,0,456,31,sr:competitor:297448
1314,173,0,454,34,sr:competitor:84301
1315,174,0,453,16,sr:competitor:250231
1316,175,0,449,27,sr:competitor:55745
1317,176,0,443,13,sr:competitor:64920
1318,177,0,432,15,sr:competitor:428657
1319,178,0,429,27,sr:competitor:628218
1320,179,0,423,28,sr:competitor:390480
1321,180,0,422,23,sr:competitor:72420
1322,181,0,420,5,sr:competitor:359602
1323,182,0,414,30,sr:competitor:58989
1324,183,0,414,32,sr:competitor:55293
1325,184,0,408,33,sr:competitor:84671
1326,185,0,406,25,sr:competitor:380004
1327,186,0,402,14,sr:competitor:227358
1328,187,0,398,21,sr:competitor:141882
1329,188,0,397,31,sr:competitor:297502
1330,189,0,393,24,sr:competitor:82579
1331,190,0,390,5,sr:competitor:102339
1332,191,0,387,30,sr:competitor:155860
1333,192,0,384,21,sr:competitor:25021
1334,193,1,382,23,sr:competitor:221556
1335,194,1,380,8,sr:competitor:108767
1336,195,1,376,11,sr:competitor:284805
1337,196,1,375,37,sr:competitor:422955
1338,197,1,370,29,sr:competitor:106395
1339,198,-5,369,28,sr:competitor:263865
1341,200,0,364,39,sr:competitor:96629
1342,201,0,362,27,sr:competitor:193930
1343,202,0,361,13,sr:competitor:100069
1344,203,0,360,7,sr:competitor:206879
1345,204,0,360,7,sr:competitor:671637
1346,205,0,360,10,sr:competitor:257721
1347,206,0,360,17,sr:competitor:169496
1348,207,0,353,26,sr:competitor:163438
1349,208,0,351,15,sr:competitor:284801
1350,209,0,342,21,sr:competitor:145108
1351,210,0,341,36,sr:competitor:880089
1352,211,0,339,15,sr:competitor:121122
1353,212,0,338,16,sr:competitor:295508
1354,213,0,338,30,sr:competitor:120956
1355,214,0,336,30,sr:competitor:161448
1356,215,0,335,16,sr:competitor:168420
1357,216,0,333,19,sr:competitor:17359
1358,217,0,331,16,sr:competitor:534043
1359,218,0,329,24,sr:competitor:99377
1360,219,1,328,18,sr:competitor:99043
1361,220,-1,327,15,sr:competitor:82133
1362,221,1,318,22,sr:competitor:53483
1363,222,1,315,14,sr:competitor:255595
1364,223,1,314,27,sr:competitor:48225
1365,224,1,310,5,sr:competitor:132834
1366,225,1,310,26,sr:competitor:289021
1367,226,1,305,30,sr:competitor:96535
1368,227,1,304,17,sr:competitor:396126
1369,228,-7,304,32,sr:competitor:163538
1370,229,0,301,16,sr:competitor:55787
1371,230,1,301,22,sr:competitor:280601
1372,231,1,300,7,sr:competitor:145112
1373,232,1,300,24,sr:competitor:185434
1374,233,1,299,34,sr:competitor:395828
1375,234,1,296,6,sr:competitor:603098
1376,235,1,296,18,sr:competitor:49548
1377,236,1,296,26,sr:competitor:85877
1378,237,1,295,7,sr:competitor:496346
1379,238,1,295,18,sr:competitor:77223
1380,239,1,294,20,sr:competitor:161868
1381,240,1,294,28,sr:competitor:17046
1382,241,1,293,18,sr:competitor:303808
1383,242,1,292,31,sr:competitor:348308
1384,243,1,291,15,sr:competitor:49663
1385,244,1,288,16,sr:competitor:99587
1386,245,-15,286,17,sr:competitor:51974
1387,246,0,286,25,sr:competitor:77501
1388,247,0,282,30,sr:competitor:853643
1389,248,0,277,12,sr:competitor:539343
1390,249,0,274,29,sr:competitor:79223
1391,250,0,270,4,sr:competitor:352776
1392,251,0,270,6,sr:competitor:399637
1393,252,0,270,7,sr:competitor:89632
1394,253,0,270,10,sr:competitor:125006
1396,255,0,269,12,sr:competitor:682913
1397,256,0,269,27,sr:competitor:161220
1399,258,0,269,29,sr:competitor:310972
1400,259,0,265,38,sr:competitor:379924
1401,260,0,263,41,sr:competitor:51304
1402,261,0,260,7,sr:competitor:212004
1403,262,0,260,11,sr:competitor:40540
1404,263,0,258,9,sr:competitor:145122
1405,264,0,257,11,sr:competitor:88992
1406,265,0,256,9,sr:competitor:156664
1407,266,0,256,24,sr:competitor:169492
1408,267,0,252,27,sr:competitor:103625
1409,268,0,252,32,sr:competitor:196672
1410,269,0,251,23,sr:competitor:398360
1411,270,6,248,31,sr:competitor:154740
1412,271,-1,247,21,sr:competitor:927343
1413,272,-1,247,27,sr:competitor:233144
1414,273,-1,245,5,sr:competitor:67154
1415,274,-1,244,31,sr:competitor:217192
1416,275,-1,242,13,sr:competitor:130436
1417,276,-1,242,23,sr:competitor:498580
1418,277,0,241,8,sr:competitor:94485
1419,278,0,241,19,sr:competitor:305558
1420,279,0,241,30,sr:competitor:322589
1421,280,0,240,3,sr:competitor:167370
1422,281,0,240,6,sr:competitor:104847
1423,282,0,238,20,sr:competitor:759900
1424,283,0,236,17,sr:competitor:180104
1425,284,0,235,32,sr:competitor:308834
1426,285,2,234,27,sr:competitor:130442
1427,286,-1,233,12,sr:competitor:49417
1428,287,-1,233,23,sr:competitor:170964
1429,288,0,231,28,sr:competitor:154490
1430,289,0,230,24,sr:competitor:116616
1431,290,0,230,27,sr:competitor:154570
1432,291,0,229,12,sr:competitor:93597
1433,292,0,229,16,sr:competitor:774476
1434,293,0,228,23,sr:competitor:723013
1435,294,0,227,16,sr:competitor:38180
1436,295,0,226,26,sr:competitor:121248
1437,296,0,225,2,sr:competitor:57703
1438,297,0,225,7,sr:competitor:15931
1439,298,0,225,9,sr:competitor:51141
1440,298,0,225,9,sr:competitor:392066
1441,300,0,225,11,sr:competitor:682911
1442,301,1,223,17,sr:competitor:50360
1443,302,-1,223,25,sr:competitor:126402
1444,303,1,223,27,sr:competitor:126622
1445,304,-1,223,28,sr:competitor:645442
1446,305,1,217,8,sr:competitor:226124
1447,306,1,216,14,sr:competitor:220588
1449,308,0,214,16,sr:competitor:22962
1450,309,0,214,17,sr:competitor:205767
1451,310,0,214,19,sr:competitor:645452
1452,311,0,211,9,sr:competitor:113905
1453,312,0,211,24,sr:competitor:731833
1454,313,1,207,17,sr:competitor:163540
1455,314,1,207,33,sr:competitor:412829
1456,315,1,205,10,sr:competitor:126356
1457,316,-3,205,22,sr:competitor:312436
1458,317,0,205,28,sr:competitor:452787
1459,318,0,202,25,sr:competitor:437734
1460,319,0,201,38,sr:competitor:223788
1461,320,0,198,20,sr:competitor:614090
1462,321,0,198,35,sr:competitor:124934
1463,322,0,195,33,sr:competitor:458575
1464,323,0,193,24,sr:competitor:60614
1465,324,0,192,7,sr:competitor:448357
1466,325,0,189,27,sr:competitor:207777
1467,326,0,187,13,sr:competitor:286367
1468,327,0,185,28,sr:competitor:681071
1469,328,0,184,21,sr:competitor:118166
1470,329,0,184,22,sr:competitor:244388
1471,330,1,183,7,sr:competitor:121668
1473,332,1,180,3,sr:competitor:429603
1474,333,1,180,4,sr:competitor:225050
1476,335,1,180,10,sr:competitor:83397
1477,336,1,180,32,sr:competitor:202735
1478,337,1,178,11,sr:competitor:655845
1479,338,1,178,26,sr:competitor:381022
1480,339,1,177,10,sr:competitor:671229
1481,340,1,177,14,sr:competitor:263857
1482,341,1,177,21,sr:competitor:138712
1483,342,1,177,22,sr:competitor:193912
1484,343,1,177,26,sr:competitor:407791
1485,344,1,176,18,sr:competitor:65576
1486,345,1,176,21,sr:competitor:855911
1487,346,1,175,3,sr:competitor:44553
1488,347,1,175,4,sr:competitor:90798
1489,348,1,175,8,sr:competitor:58369
1490,349,1,175,19,sr:competitor:111609
1491,350,1,173,10,sr:competitor:679701
1492,351,1,173,27,sr:competitor:220590
1493,352,1,172,14,sr:competitor:52276
1494,353,1,172,14,sr:competitor:505542
1495,354,1,172,20,sr:competitor:51100
1497,356,1,171,5,sr:competitor:309954
1498,357,-27,171,26,sr:competitor:280559
1499,358,0,171,35,sr:competitor:16852
1500,359,0,170,7,sr:competitor:185388
1501,360,3,170,26,sr:competitor:739643
1502,361,-1,169,8,sr:competitor:947875
1503,362,-1,169,18,sr:competitor:437794
1504,363,-1,169,23,sr:competitor:452691
1505,364,0,166,12,sr:competitor:450283
1506,365,0,163,11,sr:competitor:321667
1507,366,0,163,15,sr:competitor:240264
1508,367,1,162,21,sr:competitor:497320
1510,369,0,161,14,sr:competitor:214824
1511,370,1,161,21,sr:competitor:215696
1512,371,-1,159,20,sr:competitor:973963
1513,372,0,159,20,sr:competitor:194668
1514,373,0,159,23,sr:competitor:95939
1515,374,0,158,9,sr:competitor:79227
1516,375,0,158,14,sr:competitor:43761
1517,376,0,158,25,sr:competitor:182086
1518,377,0,157,11,sr:competitor:378220
1519,378,0,156,20,sr:competitor:215492
1521,380,-1,154,20,sr:competitor:48281
1522,381,0,152,8,sr:competitor:240876
1523,382,0,152,30,sr:competitor:156826
1524,383,0,151,7,sr:competitor:57021
1525,384,30,151,18,sr:competitor:298118
1526,385,-1,151,23,sr:competitor:64790
1527,386,-1,151,33,sr:competitor:208123
1528,387,-1,150,5,sr:competitor:294300
1529,388,-1,150,21,sr:competitor:287543
1530,389,-1,149,19,sr:competitor:785974
1531,390,-1,148,23,sr:competitor:663757
1532,391,-1,148,25,sr:competitor:272245
1533,392,-1,147,8,sr:competitor:104967
1534,393,-1,147,13,sr:competitor:205773
1535,394,-1,147,22,sr:competitor:435758
1536,395,-1,147,27,sr:competitor:229024
1537,396,-1,146,17,sr:competitor:93589
1538,397,-1,145,11,sr:competitor:65606
1539,398,-1,145,15,sr:competitor:644676
1540,399,0,145,19,sr:competitor:138528
1542,401,0,144,14,sr:competitor:345060
1543,402,0,144,15,sr:competitor:359608
1544,403,0,144,15,sr:competitor:16781
1545,404,-6,143,15,sr:competitor:50901
1546,405,0,141,6,sr:competitor:307112
1547,406,0,141,9,sr:competitor:132558
1548,407,-3,141,18,sr:competitor:439474
1549,408,-1,141,19,sr:competitor:873679
1550,409,-1,140,4,sr:competitor:405969
1551,410,-1,139,12,sr:competitor:63642
1552,411,-1,139,17,sr:competitor:251091
1553,412,-1,139,18,sr:competitor:833418
1554,413,-1,139,22,sr:competitor:57759
1555,414,-1,136,14,sr:competitor:215778
1556,415,0,136,21,sr:competitor:202681
1557,416,12,136,26,sr:competitor:119126
1558,417,-1,135,1,sr:competitor:163636
1559,418,-1,135,7,sr:competitor:119248
1560,419,-1,135,8,sr:competitor:62488
1561,420,-1,135,10,sr:competitor:54573
1562,420,-1,135,10,sr:competitor:161262
1563,422,-1,135,12,sr:competitor:144102
1564,423,-1,135,20,sr:competitor:951223
1565,424,-1,135,26,sr:competitor:65992
1566,425,-1,134,13,sr:competitor:242556
1567,426,-1,134,20,sr:competitor:524256
1568,427,-1,133,5,sr:competitor:565070
1569,428,-1,133,30,sr:competitor:418163
1570,429,0,131,12,sr:competitor:210502
1571,430,0,131,21,sr:competitor:96239
1572,431,0,129,11,sr:competitor:210592
1573,432,0,129,17,sr:competitor:54975
1574,433,0,128,9,sr:competitor:177686
1575,434,0,128,16,sr:competitor:186629
1576,435,0,128,17,sr:competitor:199196
1577,436,0,128,18,sr:competitor:282183
1578,437,0,127,12,sr:competitor:58783
1579,438,0,127,14,sr:competitor:564952
1580,439,0,126,6,sr:competitor:213170
1581,440,0,126,15,sr:competitor:15743
1582,441,0,126,16,sr:competitor:57327
1583,442,0,126,16,sr:competitor:180446
1584,443,0,126,22,sr:competitor:301896
1585,444,0,125,7,sr:competitor:63606
1586,445,0,125,11,sr:competitor:60592
1587,446,0,125,12,sr:competitor:111837
1588,447,0,125,22,sr:competitor:152898
1589,448,0,124,11,sr:competitor:373348
1590,449,1,124,14,sr:competitor:114885
1591,450,-1,124,15,sr:competitor:252233
1592,451,0,124,21,sr:competitor:137890
1593,452,0,123,19,sr:competitor:978579
1594,453,0,122,4,sr:competitor:71280
1595,454,0,121,10,sr:competitor:287541
1596,455,0,121,16,sr:competitor:684577
1597,456,0,121,18,sr:competitor:283759
1598,457,0,120,10,sr:competitor:938667
1599,458,0,120,20,sr:competitor:165234
1600,459,46,119,16,sr:competitor:447733
1601,460,-1,119,19,sr:competitor:256375
1602,461,-1,118,9,sr:competitor:387066
1603,462,-1,118,12,sr:competitor:570833
1604,463,-1,118,21,sr:competitor:501410
1605,464,-1,118,28,sr:competitor:246745
1606,465,-1,118,51,sr:competitor:759758
1607,466,-1,117,11,sr:competitor:56361
1608,467,-1,117,12,sr:competitor:130438
1609,468,-1,116,16,sr:competitor:269523
1610,469,-1,115,2,sr:competitor:997473
1611,470,-1,115,12,sr:competitor:107625
1612,471,-1,115,24,sr:competitor:100317
1613,472,-1,115,28,sr:competitor:404753
1614,473,0,113,13,sr:competitor:686911
1615,474,0,113,17,sr:competitor:217038
1616,475,0,113,18,sr:competitor:976405
1617,476,0,113,26,sr:competitor:322729
1618,477,-5,112,16,sr:competitor:220932
1619,478,-1,112,17,sr:competitor:403357
1620,479,-1,112,19,sr:competitor:418167
1621,480,-1,111,3,sr:competitor:120926
1622,481,-1,111,14,sr:competitor:101157
1623,482,-1,111,17,sr:competitor:990785
1624,483,0,111,21,sr:competitor:327067
1626,485,1,110,12,sr:competitor:112987
1627,486,1,109,14,sr:competitor:269535
1628,487,1,109,16,sr:competitor:161874
1629,488,1,109,20,sr:competitor:867575
1630,489,1,108,22,sr:competitor:181384
1631,490,1,107,8,sr:competitor:113859
1632,491,1,107,14,sr:competitor:268725
1633,492,1,107,15,sr:competitor:609146
1634,493,1,107,20,sr:competitor:120958
1635,494,2,106,8,sr:competitor:373852
1636,495,2,106,9,sr:competitor:47767
1637,496,2,106,11,sr:competitor:801374
1638,497,2,106,16,sr:competitor:294248
1639,498,2,106,18,sr:competitor:908699
1640,499,2,105,12,sr:competitor:187695
1641,500,2,105,23,sr:competitor:783794
1642,1,0,9530,17,sr:competitor:72376
1643,2,0,8165,24,sr:competitor:74949
1644,3,0,6805,17,sr:competitor:43860
1645,4,0,6165,20,sr:competitor:41520
1646,5,0,6108,15,sr:competitor:51387
1647,6,0,5948,15,sr:competitor:64496
1648,7,0,5506,18,sr:competitor:18936
1649,8,0,5430,17,sr:competitor:78551
1650,9,0,5306,19,sr:competitor:19202
1651,10,0,5235,17,sr:competitor:69208
1652,11,0,4858,23,sr:competitor:64021
1653,12,0,4670,26,sr:competitor:46084
1654,13,0,4560,27,sr:competitor:119670
1655,14,0,4483,19,sr:competitor:123824
1656,15,0,4348,24,sr:competitor:19932
1657,16,0,4250,26,sr:competitor:48625
1660,19,0,3726,23,sr:competitor:18354
1661,20,0,3688,24,sr:competitor:99131
1662,21,0,3680,15,sr:competitor:37508
1663,22,0,3651,32,sr:competitor:69718
1664,23,0,3565,18,sr:competitor:91960
1665,24,0,3526,21,sr:competitor:50537
1666,25,0,3521,7,sr:competitor:373352
1667,26,0,3210,14,sr:competitor:33593
1668,27,0,3142,28,sr:competitor:19607
1669,28,0,3025,17,sr:competitor:96075
1670,29,0,2727,11,sr:competitor:60398
1672,31,0,2635,5,sr:competitor:45835
1673,32,0,2486,13,sr:competitor:289507
1674,33,0,2346,29,sr:competitor:166124
1675,34,0,2346,24,sr:competitor:19655
1676,35,0,2340,29,sr:competitor:51481
1677,36,0,2314,25,sr:competitor:153652
1678,37,0,2213,30,sr:competitor:66432
1679,38,0,2209,28,sr:competitor:47801
1680,39,0,2172,26,sr:competitor:129714
1681,40,0,2150,26,sr:competitor:49682
1682,41,0,2080,30,sr:competitor:142996
1683,42,0,2033,13,sr:competitor:138452
1684,43,0,2031,29,sr:competitor:19974
1685,44,0,1965,33,sr:competitor:70784
1686,45,0,1935,10,sr:competitor:60392
1687,46,0,1931,25,sr:competitor:150122
1688,47,0,1897,30,sr:competitor:43547
1689,48,0,1857,9,sr:competitor:44834
1690,49,0,1837,17,sr:competitor:105463
1692,51,0,1726,33,sr:competitor:60668
1693,52,0,1720,35,sr:competitor:182178
1694,53,0,1677,17,sr:competitor:272217
1696,55,0,1646,11,sr:competitor:59702
1697,56,0,1504,10,sr:competitor:103901
1699,58,0,1448,21,sr:competitor:43102
1701,60,0,1401,6,sr:competitor:278887
1702,61,0,1399,16,sr:competitor:53789
1703,62,0,1364,27,sr:competitor:19731
1704,63,0,1361,15,sr:competitor:23158
1705,64,0,1350,13,sr:competitor:401055
1706,65,0,1339,18,sr:competitor:41524
1707,66,0,1332,15,sr:competitor:41404
1708,67,0,1329,14,sr:competitor:135854
1710,69,0,1312,11,sr:competitor:47697
1711,70,0,1307,14,sr:competitor:549759
1712,71,0,1298,18,sr:competitor:157672
1713,72,0,1297,32,sr:competitor:37504
1714,73,0,1297,15,sr:competitor:41877
1715,74,0,1243,31,sr:competitor:52695
1716,75,0,1235,15,sr:competitor:42289
1717,76,0,1230,6,sr:competitor:42339
1718,77,0,1108,31,sr:competitor:215476
1719,78,0,1102,18,sr:competitor:256547
1721,80,0,1064,27,sr:competitor:194106
1722,81,0,1061,32,sr:competitor:69602
1724,83,0,1044,13,sr:competitor:52025
1725,84,0,1027,30,sr:competitor:71754
1727,86,0,975,25,sr:competitor:73542
1728,87,0,971,17,sr:competitor:150574
1729,88,0,961,16,sr:competitor:42492
1730,89,0,954,27,sr:competitor:48451
1731,90,0,944,32,sr:competitor:54175
1732,91,0,932,15,sr:competitor:262759
1733,92,0,921,30,sr:competitor:44977
1734,93,0,919,31,sr:competitor:182054
1735,94,0,888,32,sr:competitor:168526
1736,95,0,849,27,sr:competitor:173748
1737,96,0,832,32,sr:competitor:49907
1738,97,0,819,30,sr:competitor:51651
1740,99,0,800,3,sr:competitor:228418
1743,102,0,776,8,sr:competitor:88310
1744,103,0,776,9,sr:competitor:90664
1745,104,0,775,10,sr:competitor:286435
1746,105,0,774,29,sr:competitor:45827
1747,106,0,772,22,sr:competitor:227486
1750,109,0,758,19,sr:competitor:210558
1751,110,0,755,8,sr:competitor:45545
1752,111,0,736,31,sr:competitor:51943
1753,112,0,725,19,sr:competitor:52489
1754,113,0,721,17,sr:competitor:335171
1755,114,0,698,27,sr:competitor:53288
1756,115,0,697,10,sr:competitor:360038
1757,116,0,697,22,sr:competitor:161270
1758,117,0,696,18,sr:competitor:453301
1759,118,0,694,26,sr:competitor:378340
1760,119,0,685,14,sr:competitor:72450
1761,120,0,684,23,sr:competitor:67430
1762,121,0,677,34,sr:competitor:418583
1763,122,0,672,8,sr:competitor:318195
1764,123,0,672,24,sr:competitor:19847
1765,124,0,667,20,sr:competitor:369524
1766,125,0,661,22,sr:competitor:118096
1767,126,1,646,14,sr:competitor:235260
1768,127,1,646,20,sr:competitor:215598
1769,128,-2,645,30,sr:competitor:143140
1770,129,0,634,33,sr:competitor:628178
1772,131,0,625,25,sr:competitor:50915
1773,132,0,617,10,sr:competitor:64085
1774,133,0,616,6,sr:competitor:373354
1775,134,0,603,19,sr:competitor:473609
1776,135,0,602,25,sr:competitor:256447
1777,136,0,600,14,sr:competitor:771430
1778,137,0,592,18,sr:competitor:867519
1779,138,0,583,25,sr:competitor:87090
1780,139,0,582,27,sr:competitor:98607
1782,141,0,565,13,sr:competitor:297588
1783,142,0,563,5,sr:competitor:67757
1784,143,0,553,20,sr:competitor:226306
1785,144,0,553,30,sr:competitor:448121
1786,145,0,552,26,sr:competitor:61526
1787,146,0,548,9,sr:competitor:345070
1788,147,0,541,14,sr:competitor:319455
1789,148,0,541,17,sr:competitor:108621
1790,149,0,540,31,sr:competitor:91916
1791,150,0,539,28,sr:competitor:189384
1792,151,0,534,26,sr:competitor:46428
1794,153,0,531,5,sr:competitor:152804
1795,154,0,523,12,sr:competitor:227390
1796,155,0,520,24,sr:competitor:208125
1797,156,0,517,17,sr:competitor:71284
1798,157,0,517,34,sr:competitor:46528
1799,158,0,508,9,sr:competitor:110803
1800,159,0,507,21,sr:competitor:568715
1801,160,0,506,25,sr:competitor:92877
1802,161,0,505,17,sr:competitor:111189
1805,164,0,491,46,sr:competitor:325837
1806,165,0,487,26,sr:competitor:260987
1807,166,0,481,19,sr:competitor:190882
1808,167,0,478,19,sr:competitor:82609
1809,168,0,477,16,sr:competitor:129534
1810,169,0,475,22,sr:competitor:137932
1811,170,0,472,24,sr:competitor:102637
1812,171,0,467,29,sr:competitor:65610
1813,172,0,464,15,sr:competitor:147506
1814,173,0,463,25,sr:competitor:215806
1815,174,0,460,33,sr:competitor:88494
1816,175,0,456,20,sr:competitor:119216
1817,176,1,452,23,sr:competitor:195408
1818,177,1,451,5,sr:competitor:569013
1820,179,0,444,4,sr:competitor:133662
1821,180,0,442,24,sr:competitor:245673
1822,181,0,437,29,sr:competitor:805538
1823,182,0,434,28,sr:competitor:143146
1824,183,0,430,19,sr:competitor:250285
1825,184,0,429,25,sr:competitor:310984
1826,185,0,422,7,sr:competitor:608348
1827,186,0,422,20,sr:competitor:206995
1828,187,0,420,13,sr:competitor:49118
1829,188,0,420,22,sr:competitor:119410
1830,189,0,419,19,sr:competitor:52533
1831,190,0,404,12,sr:competitor:448081
1832,191,0,403,11,sr:competitor:160190
1833,192,0,403,21,sr:competitor:45139
1834,193,0,399,13,sr:competitor:52183
1835,194,0,399,27,sr:competitor:97031
1836,195,0,396,11,sr:competitor:789688
1837,196,0,396,23,sr:competitor:64315
1838,197,0,396,19,sr:competitor:73500
1839,198,0,394,18,sr:competitor:183957
1840,199,0,393,27,sr:competitor:244216
1841,200,0,392,24,sr:competitor:378144
1842,201,0,386,19,sr:competitor:119874
1843,202,0,385,12,sr:competitor:105099
1844,203,0,384,21,sr:competitor:676251
1845,204,0,382,33,sr:competitor:59762
1846,205,0,381,8,sr:competitor:242630
1847,206,0,378,12,sr:competitor:26120
1848,207,0,377,8,sr:competitor:110299
1849,208,0,375,17,sr:competitor:70728
1850,209,0,374,19,sr:competitor:93657
1851,210,0,371,11,sr:competitor:120666
1852,211,0,369,21,sr:competitor:137990
1853,212,0,368,5,sr:competitor:72758
1854,213,0,367,21,sr:competitor:414533
1856,215,0,365,5,sr:competitor:192108
1857,216,0,365,7,sr:competitor:99405
1858,217,0,364,31,sr:competitor:80427
1859,218,1,361,20,sr:competitor:203893
1860,219,1,360,13,sr:competitor:762762
1861,220,1,357,28,sr:competitor:46625
1862,221,1,356,6,sr:competitor:40994
1863,222,2,352,15,sr:competitor:43527
1864,223,4,352,19,sr:competitor:505998
1866,225,1,351,26,sr:competitor:99429
1867,226,3,350,10,sr:competitor:662615
1868,227,3,349,17,sr:competitor:156040
1869,227,3,349,17,sr:competitor:210670
1870,229,3,348,13,sr:competitor:63220
1871,230,3,347,22,sr:competitor:499098
1872,231,3,346,22,sr:competitor:148276
1873,232,3,344,7,sr:competitor:45584
1874,233,-8,343,11,sr:competitor:87078
1875,234,-11,338,22,sr:competitor:136372
1876,235,2,338,19,sr:competitor:385206
1877,236,2,335,11,sr:competitor:627278
1878,237,2,332,19,sr:competitor:776340
1879,238,3,332,9,sr:competitor:202363
1880,239,3,329,9,sr:competitor:141892
1881,240,3,328,6,sr:competitor:50655
1882,241,3,326,19,sr:competitor:763112
1883,242,3,324,6,sr:competitor:172590
1884,243,3,324,22,sr:competitor:282597
1885,244,3,318,17,sr:competitor:192572
1886,245,3,317,24,sr:competitor:181062
1887,246,3,317,19,sr:competitor:222546
1888,247,3,315,6,sr:competitor:675189
1889,248,3,315,27,sr:competitor:59213
1890,249,-31,315,19,sr:competitor:283489
1891,250,2,314,16,sr:competitor:868599
1892,251,2,314,21,sr:competitor:353358
1893,252,2,314,25,sr:competitor:731441
1894,253,4,311,20,sr:competitor:79443
1895,254,4,309,17,sr:competitor:448613
1896,255,4,308,22,sr:competitor:60028
1897,256,4,305,7,sr:competitor:210716
1899,258,-2,301,35,sr:competitor:47985
1901,260,-5,297,33,sr:competitor:233478
1902,261,2,294,4,sr:competitor:23082
1903,262,2,294,19,sr:competitor:152106
1904,263,2,292,24,sr:competitor:807358
1905,264,2,292,22,sr:competitor:70822
1906,265,2,291,18,sr:competitor:343066
1907,266,2,290,5,sr:competitor:366114
1908,267,2,289,17,sr:competitor:23688
1909,268,2,288,20,sr:competitor:265553
1910,269,3,286,29,sr:competitor:409673
1911,270,3,281,11,sr:competitor:110055
1912,271,3,279,17,sr:competitor:132412
1913,272,3,279,20,sr:competitor:496316
1914,273,3,278,20,sr:competitor:567285
1915,274,3,278,21,sr:competitor:86894
1916,275,3,274,18,sr:competitor:355958
1918,277,3,271,14,sr:competitor:194572
1919,278,3,270,4,sr:competitor:62924
1920,279,3,270,23,sr:competitor:46650
1921,279,3,270,23,sr:competitor:67194
1923,282,-46,268,15,sr:competitor:292540
1924,283,2,267,4,sr:competitor:75825
1925,284,3,267,19,sr:competitor:104929
1926,285,3,266,18,sr:competitor:119496
1927,286,3,266,26,sr:competitor:290994
1928,287,3,265,8,sr:competitor:69988
1929,288,3,265,8,sr:competitor:755469
1930,289,3,265,18,sr:competitor:673491
1931,290,3,264,18,sr:competitor:343294
1933,292,2,262,23,sr:competitor:122668
1934,293,2,261,10,sr:competitor:812502
1935,294,2,258,17,sr:competitor:51315
1936,295,2,258,17,sr:competitor:198498
1937,296,2,256,7,sr:competitor:115507
1938,297,2,256,16,sr:competitor:142942
1939,298,2,256,24,sr:competitor:870981
1941,300,2,254,12,sr:competitor:517274
1942,301,2,253,20,sr:competitor:202795
1943,302,2,251,23,sr:competitor:395740
1944,303,3,250,1,sr:competitor:242602
1945,304,3,248,7,sr:competitor:41737
1946,305,3,248,12,sr:competitor:48486
1947,306,3,246,10,sr:competitor:337813
1948,307,-21,242,17,sr:competitor:510530
1949,308,-37,242,25,sr:competitor:447703
1950,309,1,241,10,sr:competitor:165866
1951,310,1,241,11,sr:competitor:54397
1953,312,2,238,13,sr:competitor:226092
1954,313,3,236,5,sr:competitor:225130
1955,314,3,236,14,sr:competitor:145930
1956,315,4,235,9,sr:competitor:319349
1957,316,4,234,24,sr:competitor:37638
1958,317,4,232,12,sr:competitor:106341
1959,318,4,232,16,sr:competitor:46273
1960,319,4,231,7,sr:competitor:51477
1961,320,4,230,10,sr:competitor:58053
1962,321,4,229,13,sr:competitor:120664
1963,322,4,229,18,sr:competitor:445209
1964,323,-5,228,23,sr:competitor:154806
1965,324,4,227,16,sr:competitor:285629
1966,325,4,227,17,sr:competitor:138654
1967,326,4,225,4,sr:competitor:153860
1968,327,4,225,23,sr:competitor:70970
1969,328,4,224,20,sr:competitor:209716
1970,329,4,223,12,sr:competitor:194690
1971,330,4,223,21,sr:competitor:61922
1972,331,4,223,24,sr:competitor:63238
1973,332,-5,222,14,sr:competitor:49963
1974,333,3,221,13,sr:competitor:337811
1975,334,3,221,17,sr:competitor:217036
1976,335,3,220,16,sr:competitor:223862
1977,336,3,220,14,sr:competitor:213140
1978,337,4,220,21,sr:competitor:282057
1979,338,4,220,21,sr:competitor:345134
1980,339,4,219,7,sr:competitor:137962
1981,340,4,219,18,sr:competitor:132988
1982,341,4,219,16,sr:competitor:936009
1983,342,4,219,21,sr:competitor:25822
1984,343,4,218,27,sr:competitor:153744
1985,344,-4,218,18,sr:competitor:513582
1986,345,3,217,3,sr:competitor:55401
1987,346,3,216,16,sr:competitor:731427
1989,348,3,215,11,sr:competitor:896765
1990,349,3,215,19,sr:competitor:280989
1991,350,3,215,22,sr:competitor:289093
1992,351,3,215,26,sr:competitor:213144
1993,352,3,214,20,sr:competitor:849533
1994,353,3,211,13,sr:competitor:190870
1995,354,3,209,11,sr:competitor:105063
1996,355,3,209,12,sr:competitor:1020177
1997,356,3,209,24,sr:competitor:47876
1998,357,3,208,19,sr:competitor:254553
1999,358,3,207,8,sr:competitor:534045
2000,359,3,204,12,sr:competitor:329009
2003,362,3,202,11,sr:competitor:403329
2004,363,-58,202,11,sr:competitor:234398
2005,364,2,202,14,sr:competitor:813490
2006,365,2,201,9,sr:competitor:586739
2007,366,6,199,32,sr:competitor:315663
2010,369,1,199,25,sr:competitor:810694
2012,371,2,192,16,sr:competitor:624838
2013,372,2,192,19,sr:competitor:745799
2014,373,2,191,12,sr:competitor:496378
2015,374,2,191,24,sr:competitor:54983
2016,375,2,191,28,sr:competitor:99775
2017,376,2,189,4,sr:competitor:287769
2018,377,2,189,14,sr:competitor:280635
2019,378,2,188,32,sr:competitor:59662
2020,379,2,187,21,sr:competitor:182056
2021,380,3,186,5,sr:competitor:499484
2022,381,3,186,18,sr:competitor:42864
2023,382,3,186,12,sr:competitor:843378
2024,383,4,185,11,sr:competitor:406199
2025,384,4,185,24,sr:competitor:750329
2026,385,4,184,2,sr:competitor:42459
2027,386,4,183,15,sr:competitor:164852
2029,388,4,182,25,sr:competitor:158636
2030,389,4,181,5,sr:competitor:245295
2031,390,-78,181,18,sr:competitor:283483
2032,391,3,179,6,sr:competitor:41355
2033,392,3,179,7,sr:competitor:60276
2034,393,3,179,26,sr:competitor:20158
2035,394,3,177,22,sr:competitor:152762
2038,397,2,174,16,sr:competitor:348196
2040,399,1,173,23,sr:competitor:206957
2041,400,1,172,5,sr:competitor:728549
2042,401,1,172,21,sr:competitor:741607
2043,402,1,172,23,sr:competitor:66516
2044,403,1,171,4,sr:competitor:48455
2045,404,2,170,9,sr:competitor:202623
2046,405,2,170,17,sr:competitor:1020859
2047,406,-91,168,16,sr:competitor:299258
2049,408,1,166,24,sr:competitor:72634
2050,409,1,166,34,sr:competitor:341238
2051,410,1,165,3,sr:competitor:18588
2052,411,1,164,8,sr:competitor:264117
2053,412,1,164,8,sr:competitor:720625
2054,413,1,163,19,sr:competitor:330689
2055,414,2,162,2,sr:competitor:45915
2056,415,2,162,5,sr:competitor:47948
2057,416,2,162,13,sr:competitor:43196
2058,417,3,160,8,sr:competitor:41374
2059,418,3,160,29,sr:competitor:78785
2060,419,3,160,20,sr:competitor:782216
2061,420,3,159,5,sr:competitor:19876
2062,421,-16,159,28,sr:competitor:80723
2063,422,2,159,8,sr:competitor:153748
2064,423,2,159,10,sr:competitor:98523
2065,424,3,159,18,sr:competitor:389048
2066,425,3,158,26,sr:competitor:171354
2067,426,3,158,29,sr:competitor:201105
2068,427,3,157,12,sr:competitor:52388
2069,428,3,157,14,sr:competitor:64606
2073,432,-17,155,12,sr:competitor:282219
2074,433,2,155,15,sr:competitor:677411
2075,434,2,153,6,sr:competitor:134532
2076,435,24,153,23,sr:competitor:873729
2077,436,1,152,5,sr:competitor:34486
2078,437,1,152,21,sr:competitor:315623
2079,438,1,152,6,sr:competitor:49358
2080,439,1,152,21,sr:competitor:98105
2081,440,1,151,12,sr:competitor:58423
2083,442,-16,151,12,sr:competitor:119664
2084,443,1,151,13,sr:competitor:842594
2085,444,1,150,22,sr:competitor:569009
2086,445,1,150,14,sr:competitor:221510
2087,446,1,150,21,sr:competitor:766176
2088,447,1,149,5,sr:competitor:90814
2089,448,1,148,27,sr:competitor:185412
2090,449,1,148,12,sr:competitor:840734
2091,450,1,147,16,sr:competitor:133080
2092,451,1,147,4,sr:competitor:153736
2094,453,1,146,5,sr:competitor:535801
2095,454,-35,145,20,sr:competitor:831262
2096,455,0,145,8,sr:competitor:103375
2097,456,0,145,21,sr:competitor:371556
2098,457,0,144,14,sr:competitor:262023
2099,458,0,144,7,sr:competitor:54171
2101,460,1,143,17,sr:competitor:246945
2102,461,1,143,22,sr:competitor:171026
2103,462,1,142,12,sr:competitor:1027517
2104,463,1,142,14,sr:competitor:838900
2105,464,1,142,17,sr:competitor:341196
2106,465,1,141,3,sr:competitor:19704
2107,466,1,141,7,sr:competitor:71730
2108,467,1,141,19,sr:competitor:380368
2109,468,1,140,2,sr:competitor:124804
2110,469,1,140,16,sr:competitor:88290
2111,470,1,140,19,sr:competitor:522848
2112,471,1,139,15,sr:competitor:230108
2113,472,2,138,17,sr:competitor:522258
2114,473,2,138,9,sr:competitor:880229
2115,474,2,138,14,sr:competitor:583869
2117,476,2,137,23,sr:competitor:111149
2118,477,2,136,11,sr:competitor:158690
2119,478,2,136,16,sr:competitor:476218
2120,479,2,135,6,sr:competitor:779706
2121,480,2,135,12,sr:competitor:739667
2122,481,2,135,10,sr:competitor:342788
2123,482,2,135,23,sr:competitor:291008
2125,484,2,132,8,sr:competitor:46661
2126,485,2,132,10,sr:competitor:380396
2127,486,2,131,13,sr:competitor:915371
2129,488,2,130,16,sr:competitor:751899
2130,489,2,130,20,sr:competitor:96981
2132,491,2,129,14,sr:competitor:675193
2133,492,2,129,15,sr:competitor:827398
2136,495,37,127,20,sr:competitor:447759
2138,498,2,126,26,sr:competitor:69964
2139,499,2,126,14,sr:competitor:604388
2140,500,2,126,9,sr:competitor:18350
2141,501,2,125,9,sr:competitor:107327
2142,1,0,7510,23,sr:competitor:49363
2143,1,0,7510,23,sr:competitor:51836
2144,3,0,6655,22,sr:competitor:87690
2145,4,0,6500,18,sr:competitor:15568
2146,4,0,6500,18,sr:competitor:16160
2147,6,0,5930,24,sr:competitor:16608
2148,7,0,5880,20,sr:competitor:36593
2149,8,0,5840,23,sr:competitor:50954
2150,9,0,5790,19,sr:competitor:52293
2151,10,0,5785,22,sr:competitor:95801
2152,11,0,5740,19,sr:competitor:15310
2153,12,0,5730,21,sr:competitor:124658
2154,13,0,5210,20,sr:competitor:16409
2155,14,0,5165,31,sr:competitor:637970
2156,15,0,5150,20,sr:competitor:15307
2157,16,0,5145,28,sr:competitor:14898
2158,17,0,3775,28,sr:competitor:16151
2159,18,0,3670,27,sr:competitor:53785
2160,19,0,3320,34,sr:competitor:55989
2161,19,0,3320,34,sr:competitor:210736
2162,21,0,3285,24,sr:competitor:38181
2163,22,0,3105,19,sr:competitor:15548
2164,23,0,2940,35,sr:competitor:59131
2165,24,0,2870,28,sr:competitor:52202
2166,25,0,2780,25,sr:competitor:112805
2167,26,0,2760,25,sr:competitor:16275
2168,27,0,2710,26,sr:competitor:47834
2169,28,0,2695,27,sr:competitor:106349
2170,29,0,2685,26,sr:competitor:59324
2171,30,0,2650,22,sr:competitor:14553
2172,31,0,2500,27,sr:competitor:81059
2173,31,0,2500,27,sr:competitor:104917
2174,33,0,2470,20,sr:competitor:74173
2175,34,0,2450,34,sr:competitor:206889
2176,35,0,2445,30,sr:competitor:56629
2177,36,0,2425,28,sr:competitor:76263
2178,37,0,2355,34,sr:competitor:108099
2179,38,0,2335,32,sr:competitor:106559
2180,39,0,2295,26,sr:competitor:16124
2181,40,0,2280,25,sr:competitor:14835
2182,41,0,2201,28,sr:competitor:45105
2183,42,0,2197,29,sr:competitor:114831
2184,43,0,2070,22,sr:competitor:25189
2185,44,0,2015,27,sr:competitor:47966
2186,45,0,1980,29,sr:competitor:15305
2187,46,0,1975,32,sr:competitor:15588
2188,47,0,1948,30,sr:competitor:78793
2189,48,0,1895,26,sr:competitor:22967
2190,49,0,1860,34,sr:competitor:48646
2191,50,0,1825,11,sr:competitor:300540
2192,51,0,1780,10,sr:competitor:75813
2193,52,0,1606,34,sr:competitor:108755
2194,52,0,1606,34,sr:competitor:231188
2195,54,0,1600,29,sr:competitor:230186
2196,55,0,1600,31,sr:competitor:47295
2197,56,0,1587,35,sr:competitor:69362
2198,57,0,1555,32,sr:competitor:66864
2199,58,0,1518,33,sr:competitor:62410
2200,59,0,1475,27,sr:competitor:25457
2201,60,0,1467,30,sr:competitor:49306
2202,61,0,1405,26,sr:competitor:104421
2203,62,0,1400,26,sr:competitor:16198
2204,63,0,1380,31,sr:competitor:81763
2205,64,0,1355,43,sr:competitor:231090
2206,65,0,1316,31,sr:competitor:52244
2207,66,0,1315,30,sr:competitor:70348
2208,67,0,1290,11,sr:competitor:203681
2209,68,0,1285,35,sr:competitor:111195
2210,69,0,1281,24,sr:competitor:121182
2211,70,0,1276,31,sr:competitor:16042
2212,71,0,1270,30,sr:competitor:17038
2213,72,0,1178,34,sr:competitor:918463
2214,73,0,1160,29,sr:competitor:41475
2215,74,0,1157,32,sr:competitor:204781
2216,75,0,1150,28,sr:competitor:152900
2217,76,0,1145,33,sr:competitor:127646
2218,77,0,1118,39,sr:competitor:23899
2219,78,0,1108,37,sr:competitor:223868
2220,79,0,1097,31,sr:competitor:76361
2221,80,0,1073,42,sr:competitor:112969
2222,80,0,1073,42,sr:competitor:936355
2223,82,0,1070,30,sr:competitor:16043
2224,83,0,1031,34,sr:competitor:287215
2225,84,0,1031,34,sr:competitor:52065
2226,85,0,1015,9,sr:competitor:47975
2227,86,0,1015,30,sr:competitor:52263
2228,87,0,1005,12,sr:competitor:63438
2229,88,0,990,9,sr:competitor:129368
2230,89,0,967,36,sr:competitor:16992
2231,90,0,960,7,sr:competitor:57163
2232,91,0,958,34,sr:competitor:1020797
2233,92,0,949,36,sr:competitor:98413
2234,93,0,948,39,sr:competitor:77653
2235,94,0,922,37,sr:competitor:73572
2236,95,0,915,8,sr:competitor:871495
2237,96,0,892,19,sr:competitor:299130
2238,97,0,892,37,sr:competitor:147104
2239,98,0,883,28,sr:competitor:60920
2240,99,0,882,37,sr:competitor:16492
2241,100,0,880,41,sr:competitor:16823
2242,101,0,875,15,sr:competitor:808628
2243,102,0,871,35,sr:competitor:16854
2244,103,0,834,27,sr:competitor:113221
2245,104,0,825,24,sr:competitor:47760
2246,105,0,811,30,sr:competitor:197678
2247,106,0,811,38,sr:competitor:121032
2248,107,0,772,36,sr:competitor:119150
2249,108,0,762,33,sr:competitor:50037
2250,109,0,760,12,sr:competitor:102151
2251,110,0,756,36,sr:competitor:145936
2252,111,0,754,30,sr:competitor:53759
2253,112,0,749,34,sr:competitor:234124
2254,113,0,733,38,sr:competitor:77011
2255,114,0,732,19,sr:competitor:35766
2256,115,0,730,13,sr:competitor:14508
2257,116,0,722,36,sr:competitor:209202
2258,117,0,720,15,sr:competitor:163480
2259,118,0,710,23,sr:competitor:305776
2260,119,0,705,37,sr:competitor:157396
2261,120,0,701,36,sr:competitor:37637
2262,120,0,701,36,sr:competitor:54609
2263,122,0,694,27,sr:competitor:16573
2264,123,0,689,32,sr:competitor:42151
2265,124,0,689,36,sr:competitor:69910
2266,125,0,684,37,sr:competitor:25458
2267,126,0,683,32,sr:competitor:44637
2268,127,0,658,23,sr:competitor:234044
2269,128,0,650,2,sr:competitor:46391
2270,129,0,641,13,sr:competitor:134610
2271,130,0,636,29,sr:competitor:296270
2272,131,0,636,32,sr:competitor:111607
2273,132,0,619,23,sr:competitor:263917
2274,133,0,613,23,sr:competitor:146040
2275,134,0,612,27,sr:competitor:58877
2276,135,0,602,20,sr:competitor:52951
2277,136,0,601,17,sr:competitor:405977
2278,137,0,600,20,sr:competitor:39712
2279,138,0,591,26,sr:competitor:243522
2280,139,0,590,15,sr:competitor:122368
2281,140,0,590,16,sr:competitor:838776
2282,141,0,580,30,sr:competitor:78387
2284,143,0,566,19,sr:competitor:15809
2285,144,0,565,32,sr:competitor:95923
2286,145,0,561,24,sr:competitor:119140
2287,146,0,552,33,sr:competitor:15275
2288,147,0,543,38,sr:competitor:256001
2289,148,0,539,37,sr:competitor:52260
2290,149,0,537,32,sr:competitor:110707
2292,151,0,531,10,sr:competitor:393598
2293,152,0,522,23,sr:competitor:548169
2294,153,0,521,15,sr:competitor:342826
2295,154,0,521,31,sr:competitor:92845
2296,155,0,521,36,sr:competitor:98981
2297,156,0,520,21,sr:competitor:216502
2298,157,0,519,32,sr:competitor:96859
2299,158,0,518,26,sr:competitor:195458
2300,159,0,516,19,sr:competitor:450383
2301,160,0,509,36,sr:competitor:112061
2302,161,0,495,13,sr:competitor:122366
2303,162,0,487,27,sr:competitor:240880
2304,163,0,486,33,sr:competitor:145008
2305,164,0,485,34,sr:competitor:50148
2306,165,0,480,5,sr:competitor:136042
2307,166,0,479,15,sr:competitor:530317
2308,167,0,472,27,sr:competitor:218344
2309,168,0,465,22,sr:competitor:59700
2310,169,0,465,28,sr:competitor:204495
2311,170,0,463,24,sr:competitor:124708
2312,171,0,460,13,sr:competitor:43319
2313,172,0,456,31,sr:competitor:297448
2314,173,0,454,34,sr:competitor:84301
2315,174,0,453,16,sr:competitor:250231
2316,175,0,449,27,sr:competitor:55745
2317,176,0,443,13,sr:competitor:64920
2318,177,0,432,15,sr:competitor:428657
2319,178,0,429,27,sr:competitor:628218
2320,179,0,423,28,sr:competitor:390480
2321,180,0,422,23,sr:competitor:72420
2322,181,0,420,5,sr:competitor:359602
2323,182,0,414,30,sr:competitor:58989
2324,183,0,414,32,sr:competitor:55293
2325,184,0,408,33,sr:competitor:84671
2326,185,0,406,25,sr:competitor:380004
2327,186,0,402,14,sr:competitor:227358
2328,187,0,398,21,sr:competitor:141882
2329,188,0,397,31,sr:competitor:297502
2330,189,0,393,24,sr:competitor:82579
2331,190,0,390,5,sr:competitor:102339
2332,191,0,387,30,sr:competitor:155860
2333,192,0,384,21,sr:competitor:25021
2334,193,1,382,23,sr:competitor:221556
2335,194,1,380,8,sr:competitor:108767
2336,195,1,376,11,sr:competitor:284805
2337,196,1,375,37,sr:competitor:422955
2338,197,1,370,29,sr:competitor:106395
2339,198,-5,369,28,sr:competitor:263865
2341,200,0,364,39,sr:competitor:96629
2342,201,0,362,27,sr:competitor:193930
2343,202,0,361,13,sr:competitor:100069
2344,203,0,360,7,sr:competitor:206879
2345,204,0,360,7,sr:competitor:671637
2346,205,0,360,10,sr:competitor:257721
2347,206,0,360,17,sr:competitor:169496
2348,207,0,353,26,sr:competitor:163438
2349,208,0,351,15,sr:competitor:284801
2350,209,0,342,21,sr:competitor:145108
2351,210,0,341,36,sr:competitor:880089
2352,211,0,339,15,sr:competitor:121122
2353,212,0,338,16,sr:competitor:295508
2354,213,0,338,30,sr:competitor:120956
2355,214,0,336,30,sr:competitor:161448
2356,215,0,335,16,sr:competitor:168420
2357,216,0,333,19,sr:competitor:17359
2358,217,0,331,16,sr:competitor:534043
2359,218,0,329,24,sr:competitor:99377
2360,219,1,328,18,sr:competitor:99043
2361,220,-1,327,15,sr:competitor:82133
2362,221,1,318,22,sr:competitor:53483
2363,222,1,315,14,sr:competitor:255595
2364,223,1,314,27,sr:competitor:48225
2365,224,1,310,5,sr:competitor:132834
2366,225,1,310,26,sr:competitor:289021
2367,226,1,305,30,sr:competitor:96535
2368,227,1,304,17,sr:competitor:396126
2369,228,-7,304,32,sr:competitor:163538
2370,229,0,301,16,sr:competitor:55787
2371,230,1,301,22,sr:competitor:280601
2372,231,1,300,7,sr:competitor:145112
2373,232,1,300,24,sr:competitor:185434
2374,233,1,299,34,sr:competitor:395828
2375,234,1,296,6,sr:competitor:603098
2376,235,1,296,18,sr:competitor:49548
2377,236,1,296,26,sr:competitor:85877
2378,237,1,295,7,sr:competitor:496346
2379,238,1,295,18,sr:competitor:77223
2380,239,1,294,20,sr:competitor:161868
2381,240,1,294,28,sr:competitor:17046
2382,241,1,293,18,sr:competitor:303808
2383,242,1,292,31,sr:competitor:348308
2384,243,1,291,15,sr:competitor:49663
2385,244,1,288,16,sr:competitor:99587
2386,245,-15,286,17,sr:competitor:51974
2387,246,0,286,25,sr:competitor:77501
2388,247,0,282,30,sr:competitor:853643
2389,248,0,277,12,sr:competitor:539343
2390,249,0,274,29,sr:competitor:79223
2391,250,0,270,4,sr:competitor:352776
2392,251,0,270,6,sr:competitor:399637
2393,252,0,270,7,sr:competitor:89632
2394,253,0,270,10,sr:competitor:125006
2396,255,0,269,12,sr:competitor:682913
2397,256,0,269,27,sr:competitor:161220
2399,258,0,269,29,sr:competitor:310972
2400,259,0,265,38,sr:competitor:379924
2401,260,0,263,41,sr:competitor:51304
2402,261,0,260,7,sr:competitor:212004
2403,262,0,260,11,sr:competitor:40540
2404,263,0,258,9,sr:competitor:145122
2405,264,0,257,11,sr:competitor:88992
2406,265,0,256,9,sr:competitor:156664
2407,266,0,256,24,sr:competitor:169492
2408,267,0,252,27,sr:competitor:103625
2409,268,0,252,32,sr:competitor:196672
2410,269,0,251,23,sr:competitor:398360
2411,270,6,248,31,sr:competitor:154740
2412,271,-1,247,21,sr:competitor:927343
2413,272,-1,247,27,sr:competitor:233144
2414,273,-1,245,5,sr:competitor:67154
2415,274,-1,244,31,sr:competitor:217192
2416,275,-1,242,13,sr:competitor:130436
2417,276,-1,242,23,sr:competitor:498580
2418,277,0,241,8,sr:competitor:94485
2419,278,0,241,19,sr:competitor:305558
2420,279,0,241,30,sr:competitor:322589
2421,280,0,240,3,sr:competitor:167370
2422,281,0,240,6,sr:competitor:104847
2423,282,0,238,20,sr:competitor:759900
2424,283,0,236,17,sr:competitor:180104
2425,284,0,235,32,sr:competitor:308834
2426,285,2,234,27,sr:competitor:130442
2427,286,-1,233,12,sr:competitor:49417
2428,287,-1,233,23,sr:competitor:170964
2429,288,0,231,28,sr:competitor:154490
2430,289,0,230,24,sr:competitor:116616
2431,290,0,230,27,sr:competitor:154570
2432,291,0,229,12,sr:competitor:93597
2433,292,0,229,16,sr:competitor:774476
2434,293,0,228,23,sr:competitor:723013
2435,294,0,227,16,sr:competitor:38180
2436,295,0,226,26,sr:competitor:121248
2437,296,0,225,2,sr:competitor:57703
2438,297,0,225,7,sr:competitor:15931
2439,298,0,225,9,sr:competitor:51141
2440,298,0,225,9,sr:competitor:392066
2441,300,0,225,11,sr:competitor:682911
2442,301,1,223,17,sr:competitor:50360
2443,302,-1,223,25,sr:competitor:126402
2444,303,1,223,27,sr:competitor:126622
2445,304,-1,223,28,sr:competitor:645442
2446,305,1,217,8,sr:competitor:226124
2447,306,1,216,14,sr:competitor:220588
2449,308,0,214,16,sr:competitor:22962
2450,309,0,214,17,sr:competitor:205767
2451,310,0,214,19,sr:competitor:645452
2452,311,0,211,9,sr:competitor:113905
2453,312,0,211,24,sr:competitor:731833
2454,313,1,207,17,sr:competitor:163540
2455,314,1,207,33,sr:competitor:412829
2456,315,1,205,10,sr:competitor:126356
2457,316,-3,205,22,sr:competitor:312436
2458,317,0,205,28,sr:competitor:452787
2459,318,0,202,25,sr:competitor:437734
2460,319,0,201,38,sr:competitor:223788
2461,320,0,198,20,sr:competitor:614090
2462,321,0,198,35,sr:competitor:124934
2463,322,0,195,33,sr:competitor:458575
2464,323,0,193,24,sr:competitor:60614
2465,324,0,192,7,sr:competitor:448357
2466,325,0,189,27,sr:competitor:207777
2467,326,0,187,13,sr:competitor:286367
2468,327,0,185,28,sr:competitor:681071
2469,328,0,184,21,sr:competitor:118166
2470,329,0,184,22,sr:competitor:244388
2471,330,1,183,7,sr:competitor:121668
2473,332,1,180,3,sr:competitor:429603
2474,333,1,180,4,sr:competitor:225050
2476,335,1,180,10,sr:competitor:83397
2477,336,1,180,32,sr:competitor:202735
2478,337,1,178,11,sr:competitor:655845
2479,338,1,178,26,sr:competitor:381022
2480,339,1,177,10,sr:competitor:671229
2481,340,1,177,14,sr:competitor:263857
2482,341,1,177,21,sr:competitor:138712
2483,342,1,177,22,sr:competitor:193912
2484,343,1,177,26,sr:competitor:407791
2485,344,1,176,18,sr:competitor:65576
2486,345,1,176,21,sr:competitor:855911
2487,346,1,175,3,sr:competitor:44553
2488,347,1,175,4,sr:competitor:90798
2489,348,1,175,8,sr:competitor:58369
2490,349,1,175,19,sr:competitor:111609
2491,350,1,173,10,sr:competitor:679701
2492,351,1,173,27,sr:competitor:220590
2493,352,1,172,14,sr:competitor:52276
2494,353,1,172,14,sr:competitor:505542
2495,354,1,172,20,sr:competitor:51100
2497,356,1,171,5,sr:competitor:309954
2498,357,-27,171,26,sr:competitor:280559
2499,358,0,171,35,sr:competitor:16852
2500,359,0,170,7,sr:competitor:185388
2501,360,3,170,26,sr:competitor:739643
2502,361,-1,169,8,sr:competitor:947875
2503,362,-1,169,18,sr:competitor:437794
2504,363,-1,169,23,sr:competitor:452691
2505,364,0,166,12,sr:competitor:450283
2506,365,0,163,11,sr:competitor:321667
2507,366,0,163,15,sr:competitor:240264
2508,367,1,162,21,sr:competitor:497320
2510,369,0,161,14,sr:competitor:214824
2511,370,1,161,21,sr:competitor:215696
2512,371,-1,159,20,sr:competitor:973963
2513,372,0,159,20,sr:competitor:194668
2514,373,0,159,23,sr:competitor:95939
2515,374,0,158,9,sr:competitor:79227
2516,375,0,158,14,sr:competitor:43761
2517,376,0,158,25,sr:competitor:182086
2518,377,0,157,11,sr:competitor:378220
2519,378,0,156,20,sr:competitor:215492
2521,380,-1,154,20,sr:competitor:48281
2522,381,0,152,8,sr:competitor:240876
2523,382,0,152,30,sr:competitor:156826
2524,383,0,151,7,sr:competitor:57021
2525,384,30,151,18,sr:competitor:298118
2526,385,-1,151,23,sr:competitor:64790
2527,386,-1,151,33,sr:competitor:208123
2528,387,-1,150,5,sr:competitor:294300
2529,388,-1,150,21,sr:competitor:287543
2530,389,-1,149,19,sr:competitor:785974
2531,390,-1,148,23,sr:competitor:663757
2532,391,-1,148,25,sr:competitor:272245
2533,392,-1,147,8,sr:competitor:104967
2534,393,-1,147,13,sr:competitor:205773
2535,394,-1,147,22,sr:competitor:435758
2536,395,-1,147,27,sr:competitor:229024
2537,396,-1,146,17,sr:competitor:93589
2538,397,-1,145,11,sr:competitor:65606
2539,398,-1,145,15,sr:competitor:644676
2540,399,0,145,19,sr:competitor:138528
2542,401,0,144,14,sr:competitor:345060
2543,402,0,144,15,sr:competitor:359608
2544,403,0,144,15,sr:competitor:16781
2545,404,-6,143,15,sr:competitor:50901
2546,405,0,141,6,sr:competitor:307112
2547,406,0,141,9,sr:competitor:132558
2548,407,-3,141,18,sr:competitor:439474
2549,408,-1,141,19,sr:competitor:873679
2550,409,-1,140,4,sr:competitor:405969
2551,410,-1,139,12,sr:competitor:63642
2552,411,-1,139,17,sr:competitor:251091
2553,412,-1,139,18,sr:competitor:833418
2554,413,-1,139,22,sr:competitor:57759
2555,414,-1,136,14,sr:competitor:215778
2556,415,0,136,21,sr:competitor:202681
2557,416,12,136,26,sr:competitor:119126
2558,417,-1,135,1,sr:competitor:163636
2559,418,-1,135,7,sr:competitor:119248
2560,419,-1,135,8,sr:competitor:62488
2561,420,-1,135,10,sr:competitor:54573
2562,420,-1,135,10,sr:competitor:161262
2563,422,-1,135,12,sr:competitor:144102
2564,423,-1,135,20,sr:competitor:951223
2565,424,-1,135,26,sr:competitor:65992
2566,425,-1,134,13,sr:competitor:242556
2567,426,-1,134,20,sr:competitor:524256
2568,427,-1,133,5,sr:competitor:565070
2569,428,-1,133,30,sr:competitor:418163
2570,429,0,131,12,sr:competitor:210502
2571,430,0,131,21,sr:competitor:96239
2572,431,0,129,11,sr:competitor:210592
2573,432,0,129,17,sr:competitor:54975
2574,433,0,128,9,sr:competitor:177686
2575,434,0,128,16,sr:competitor:186629
2576,435,0,128,17,sr:competitor:199196
2577,436,0,128,18,sr:competitor:282183
2578,437,0,127,12,sr:competitor:58783
2579,438,0,127,14,sr:competitor:564952
2580,439,0,126,6,sr:competitor:213170
2581,440,0,126,15,sr:competitor:15743
2582,441,0,126,16,sr:competitor:57327
2583,442,0,126,16,sr:competitor:180446
2584,443,0,126,22,sr:competitor:301896
2585,444,0,125,7,sr:competitor:63606
2586,445,0,125,11,sr:competitor:60592
2587,446,0,125,12,sr:competitor:111837
2588,447,0,125,22,sr:competitor:152898
2589,448,0,124,11,sr:competitor:373348
2590,449,1,124,14,sr:competitor:114885
2591,450,-1,124,15,sr:competitor:252233
2592,451,0,124,21,sr:competitor:137890
2593,452,0,123,19,sr:competitor:978579
2594,453,0,122,4,sr:competitor:71280
2595,454,0,121,10,sr:competitor:287541
2596,455,0,121,16,sr:competitor:684577
2597,456,0,121,18,sr:competitor:283759
2598,457,0,120,10,sr:competitor:938667
2599,458,0,120,20,sr:competitor:165234
2600,459,46,119,16,sr:competitor:447733
2601,460,-1,119,19,sr:competitor:256375
2602,461,-1,118,9,sr:competitor:387066
2603,462,-1,118,12,sr:competitor:570833
2604,463,-1,118,21,sr:competitor:501410
2605,464,-1,118,28,sr:competitor:246745
2606,465,-1,118,51,sr:competitor:759758
2607,466,-1,117,11,sr:competitor:56361
2608,467,-1,117,12,sr:competitor:130438
2609,468,-1,116,16,sr:competitor:269523
2610,469,-1,115,2,sr:competitor:997473
2611,470,-1,115,12,sr:competitor:107625
2612,471,-1,115,24,sr:competitor:100317
2613,472,-1,115,28,sr:competitor:404753
2614,473,0,113,13,sr:competitor:686911
2615,474,0,113,17,sr:competitor:217038
2616,475,0,113,18,sr:competitor:976405
2617,476,0,113,26,sr:competitor:322729
2618,477,-5,112,16,sr:competitor:220932
2619,478,-1,112,17,sr:competitor:403357
2620,479,-1,112,19,sr:competitor:418167
2621,480,-1,111,3,sr:competitor:120926
2622,481,-1,111,14,sr:competitor:101157
2623,482,-1,111,17,sr:competitor:990785
2624,483,0,111,21,sr:competitor:327067
2626,485,1,110,12,sr:competitor:112987
2627,486,1,109,14,sr:competitor:269535
2628,487,1,109,16,sr:competitor:161874
2629,488,1,109,20,sr:competitor:867575
2630,489,1,108,22,sr:competitor:181384
2631,490,1,107,8,sr:competitor:113859
2632,491,1,107,14,sr:competitor:268725
2633,492,1,107,15,sr:competitor:609146
2634,493,1,107,20,sr:competitor:120958
2635,494,2,106,8,sr:competitor:373852
2636,495,2,106,9,sr:competitor:47767
2637,496,2,106,11,sr:competitor:801374
2638,497,2,106,16,sr:competitor:294248
2639,498,2,106,18,sr:competitor:908699
2640,499,2,105,12,sr:competitor:187695
2641,500,2,105,23,sr:competitor:783794
2642,1,0,9530,17,sr:competitor:72376
2643,2,0,8165,24,sr:competitor:74949
2644,3,0,6805,17,sr:competitor:43860
2645,4,0,6165,20,sr:competitor:41520
2646,5,0,6108,15,sr:competitor:51387
2647,6,0,5948,15,sr:competitor:64496
2648,7,0,5506,18,sr:competitor:18936
2649,8,0,5430,17,sr:competitor:78551
2650,9,0,5306,19,sr:competitor:19202
2651,10,0,5235,17,sr:competitor:69208
2652,11,0,4858,23,sr:competitor:64021
2653,12,0,4670,26,sr:competitor:46084
2654,13,0,4560,27,sr:competitor:119670
2655,14,0,4483,19,sr:competitor:123824
2656,15,0,4348,24,sr:competitor:19932
2657,16,0,4250,26,sr:competitor:48625
2660,19,0,3726,23,sr:competitor:18354
2661,20,0,3688,24,sr:competitor:99131
2662,21,0,3680,15,sr:competitor:37508
2663,22,0,3651,32,sr:competitor:69718
2664,23,0,3565,18,sr:competitor:91960
2665,24,0,3526,21,sr:competitor:50537
2666,25,0,3521,7,sr:competitor:373352
2667,26,0,3210,14,sr:competitor:33593
2668,27,0,3142,28,sr:competitor:19607
2669,28,0,3025,17,sr:competitor:96075
2670,29,0,2727,11,sr:competitor:60398
2672,31,0,2635,5,sr:competitor:45835
2673,32,0,2486,13,sr:competitor:289507
2674,33,0,2346,29,sr:competitor:166124
2675,34,0,2346,24,sr:competitor:19655
2676,35,0,2340,29,sr:competitor:51481
2677,36,0,2314,25,sr:competitor:153652
2678,37,0,2213,30,sr:competitor:66432
2679,38,0,2209,28,sr:competitor:47801
2680,39,0,2172,26,sr:competitor:129714
2681,40,0,2150,26,sr:competitor:49682
2682,41,0,2080,30,sr:competitor:142996
2683,42,0,2033,13,sr:competitor:138452
2684,43,0,2031,29,sr:competitor:19974
2685,44,0,1965,33,sr:competitor:70784
2686,45,0,1935,10,sr:competitor:60392
2687,46,0,1931,25,sr:competitor:150122
2688,47,0,1897,30,sr:competitor:43547
2689,48,0,1857,9,sr:competitor:44834
2690,49,0,1837,17,sr:competitor:105463
2692,51,0,1726,33,sr:competitor:60668
2693,52,0,1720,35,sr:competitor:182178
2694,53,0,1677,17,sr:competitor:272217
2696,55,0,1646,11,sr:competitor:59702
2697,56,0,1504,10,sr:competitor:103901
2699,58,0,1448,21,sr:competitor:43102
2701,60,0,1401,6,sr:competitor:278887
2702,61,0,1399,16,sr:competitor:53789
2703,62,0,1364,27,sr:competitor:19731
2704,63,0,1361,15,sr:competitor:23158
2705,64,0,1350,13,sr:competitor:401055
2706,65,0,1339,18,sr:competitor:41524
2707,66,0,1332,15,sr:competitor:41404
2708,67,0,1329,14,sr:competitor:135854
2710,69,0,1312,11,sr:competitor:47697
2711,70,0,1307,14,sr:competitor:549759
2712,71,0,1298,18,sr:competitor:157672
2713,72,0,1297,32,sr:competitor:37504
2714,73,0,1297,15,sr:competitor:41877
2715,74,0,1243,31,sr:competitor:52695
2716,75,0,1235,15,sr:competitor:42289
2717,76,0,1230,6,sr:competitor:42339
2718,77,0,1108,31,sr:competitor:215476
2719,78,0,1102,18,sr:competitor:256547
2721,80,0,1064,27,sr:competitor:194106
2722,81,0,1061,32,sr:competitor:69602
2724,83,0,1044,13,sr:competitor:52025
2725,84,0,1027,30,sr:competitor:71754
2727,86,0,975,25,sr:competitor:73542
2728,87,0,971,17,sr:competitor:150574
2729,88,0,961,16,sr:competitor:42492
2730,89,0,954,27,sr:competitor:48451
2731,90,0,944,32,sr:competitor:54175
2732,91,0,932,15,sr:competitor:262759
2733,92,0,921,30,sr:competitor:44977
2734,93,0,919,31,sr:competitor:182054
2735,94,0,888,32,sr:competitor:168526
2736,95,0,849,27,sr:competitor:173748
2737,96,0,832,32,sr:competitor:49907
2738,97,0,819,30,sr:competitor:51651
2740,99,0,800,3,sr:competitor:228418
2743,102,0,776,8,sr:competitor:88310
2744,103,0,776,9,sr:competitor:90664
2745,104,0,775,10,sr:competitor:286435
2746,105,0,774,29,sr:competitor:45827
2747,106,0,772,22,sr:competitor:227486
2750,109,0,758,19,sr:competitor:210558
2751,110,0,755,8,sr:competitor:45545
2752,111,0,736,31,sr:competitor:51943
2753,112,0,725,19,sr:competitor:52489
2754,113,0,721,17,sr:competitor:335171
2755,114,0,698,27,sr:competitor:53288
2756,115,0,697,10,sr:competitor:360038
2757,116,0,697,22,sr:competitor:161270
2758,117,0,696,18,sr:competitor:453301
2759,118,0,694,26,sr:competitor:378340
2760,119,0,685,14,sr:competitor:72450
2761,120,0,684,23,sr:competitor:67430
2762,121,0,677,34,sr:competitor:418583
2763,122,0,672,8,sr:competitor:318195
2764,123,0,672,24,sr:competitor:19847
2765,124,0,667,20,sr:competitor:369524
2766,125,0,661,22,sr:competitor:118096
2767,126,1,646,14,sr:competitor:235260
2768,127,1,646,20,sr:competitor:215598
2769,128,-2,645,30,sr:competitor:143140
2770,129,0,634,33,sr:competitor:628178
2772,131,0,625,25,sr:competitor:50915
2773,132,0,617,10,sr:competitor:64085
2774,133,0,616,6,sr:competitor:373354
2775,134,0,603,19,sr:competitor:473609
2776,135,0,602,25,sr:competitor:256447
2777,136,0,600,14,sr:competitor:771430
2778,137,0,592,18,sr:competitor:867519
2779,138,0,583,25,sr:competitor:87090
2780,139,0,582,27,sr:competitor:98607
2782,141,0,565,13,sr:competitor:297588
2783,142,0,563,5,sr:competitor:67757
2784,143,0,553,20,sr:competitor:226306
2785,144,0,553,30,sr:competitor:448121
2786,145,0,552,26,sr:competitor:61526
2787,146,0,548,9,sr:competitor:345070
2788,147,0,541,14,sr:competitor:319455
2789,148,0,541,17,sr:competitor:108621
2790,149,0,540,31,sr:competitor:91916
2791,150,0,539,28,sr:competitor:189384
2792,151,0,534,26,sr:competitor:46428
2794,153,0,531,5,sr:competitor:152804
2795,154,0,523,12,sr:competitor:227390
2796,155,0,520,24,sr:competitor:208125
2797,156,0,517,17,sr:competitor:71284
2798,157,0,517,34,sr:competitor:46528
2799,158,0,508,9,sr:competitor:110803
2800,159,0,507,21,sr:competitor:568715
2801,160,0,506,25,sr:competitor:92877
2802,161,0,505,17,sr:competitor:111189
2805,164,0,491,46,sr:competitor:325837
2806,165,0,487,26,sr:competitor:260987
2807,166,0,481,19,sr:competitor:190882
2808,167,0,478,19,sr:competitor:82609
2809,168,0,477,16,sr:competitor:129534
2810,169,0,475,22,sr:competitor:137932
2811,170,0,472,24,sr:competitor:102637
2812,171,0,467,29,sr:competitor:65610
2813,172,0,464,15,sr:competitor:147506
2814,173,0,463,25,sr:competitor:215806
2815,174,0,460,33,sr:competitor:88494
2816,175,0,456,20,sr:competitor:119216
2817,176,1,452,23,sr:competitor:195408
2818,177,1,451,5,sr:competitor:569013
2820,179,0,444,4,sr:competitor:133662
2821,180,0,442,24,sr:competitor:245673
2822,181,0,437,29,sr:competitor:805538
2823,182,0,434,28,sr:competitor:143146
2824,183,0,430,19,sr:competitor:250285
2825,184,0,429,25,sr:competitor:310984
2826,185,0,422,7,sr:competitor:608348
2827,186,0,422,20,sr:competitor:206995
2828,187,0,420,13,sr:competitor:49118
2829,188,0,420,22,sr:competitor:119410
2830,189,0,419,19,sr:competitor:52533
2831,190,0,404,12,sr:competitor:448081
2832,191,0,403,11,sr:competitor:160190
2833,192,0,403,21,sr:competitor:45139
2834,193,0,399,13,sr:competitor:52183
2835,194,0,399,27,sr:competitor:97031
2836,195,0,396,11,sr:competitor:789688
2837,196,0,396,23,sr:competitor:64315
2838,197,0,396,19,sr:competitor:73500
2839,198,0,394,18,sr:competitor:183957
2840,199,0,393,27,sr:competitor:244216
2841,200,0,392,24,sr:competitor:378144
2842,201,0,386,19,sr:competitor:119874
2843,202,0,385,12,sr:competitor:105099
2844,203,0,384,21,sr:competitor:676251
2845,204,0,382,33,sr:competitor:59762
2846,205,0,381,8,sr:competitor:242630
2847,206,0,378,12,sr:competitor:26120
2848,207,0,377,8,sr:competitor:110299
2849,208,0,375,17,sr:competitor:70728
2850,209,0,374,19,sr:competitor:93657
2851,210,0,371,11,sr:competitor:120666
2852,211,0,369,21,sr:competitor:137990
2853,212,0,368,5,sr:competitor:72758
2854,213,0,367,21,sr:competitor:414533
2856,215,0,365,5,sr:competitor:192108
2857,216,0,365,7,sr:competitor:99405
2858,217,0,364,31,sr:competitor:80427
2859,218,1,361,20,sr:competitor:203893
2860,219,1,360,13,sr:competitor:762762
2861,220,1,357,28,sr:competitor:46625
2862,221,1,356,6,sr:competitor:40994
2863,222,2,352,15,sr:competitor:43527
2864,223,4,352,19,sr:competitor:505998
2866,225,1,351,26,sr:competitor:99429
2867,226,3,350,10,sr:competitor:662615
2868,227,3,349,17,sr:competitor:156040
2869,227,3,349,17,sr:competitor:210670
2870,229,3,348,13,sr:competitor:63220
2871,230,3,347,22,sr:competitor:499098
2872,231,3,346,22,sr:competitor:148276
2873,232,3,344,7,sr:competitor:45584
2874,233,-8,343,11,sr:competitor:87078
2875,234,-11,338,22,sr:competitor:136372
2876,235,2,338,19,sr:competitor:385206
2877,236,2,335,11,sr:competitor:627278
2878,237,2,332,19,sr:competitor:776340
2879,238,3,332,9,sr:competitor:202363
2880,239,3,329,9,sr:competitor:141892
2881,240,3,328,6,sr:competitor:50655
2882,241,3,326,19,sr:competitor:763112
2883,242,3,324,6,sr:competitor:172590
2884,243,3,324,22,sr:competitor:282597
2885,244,3,318,17,sr:competitor:192572
2886,245,3,317,24,sr:competitor:181062
2887,246,3,317,19,sr:competitor:222546
2888,247,3,315,6,sr:competitor:675189
2889,248,3,315,27,sr:competitor:59213
2890,249,-31,315,19,sr:competitor:283489
2891,250,2,314,16,sr:competitor:868599
2892,251,2,314,21,sr:competitor:353358
2893,252,2,314,25,sr:competitor:731441
2894,253,4,311,20,sr:competitor:79443
2895,254,4,309,17,sr:competitor:448613
2896,255,4,308,22,sr:competitor:60028
2897,256,4,305,7,sr:competitor:210716
2899,258,-2,301,35,sr:competitor:47985
2901,260,-5,297,33,sr:competitor:233478
2902,261,2,294,4,sr:competitor:23082
2903,262,2,294,19,sr:competitor:152106
2904,263,2,292,24,sr:competitor:807358
2905,264,2,292,22,sr:competitor:70822
2906,265,2,291,18,sr:competitor:343066
2907,266,2,290,5,sr:competitor:366114
2908,267,2,289,17,sr:competitor:23688
2909,268,2,288,20,sr:competitor:265553
2910,269,3,286,29,sr:competitor:409673
2911,270,3,281,11,sr:competitor:110055
2912,271,3,279,17,sr:competitor:132412
2913,272,3,279,20,sr:competitor:496316
2914,273,3,278,20,sr:competitor:567285
2915,274,3,278,21,sr:competitor:86894
2916,275,3,274,18,sr:competitor:355958
2918,277,3,271,14,sr:competitor:194572
2919,278,3,270,4,sr:competitor:62924
2920,279,3,270,23,sr:competitor:46650
2921,279,3,270,23,sr:competitor:67194
2923,282,-46,268,15,sr:competitor:292540
2924,283,2,267,4,sr:competitor:75825
2925,284,3,267,19,sr:competitor:104929
2926,285,3,266,18,sr:competitor:119496
2927,286,3,266,26,sr:competitor:290994
2928,287,3,265,8,sr:competitor:69988
2929,288,3,265,8,sr:competitor:755469
2930,289,3,265,18,sr:competitor:673491
2931,290,3,264,18,sr:competitor:343294
2932,292,2,262,23,sr:competitor:122668
2933,293,2,261,10,sr:competitor:812502
2934,294,2,258,17,sr:competitor:51315
2935,295,2,258,17,sr:competitor:198498
2936,296,2,256,7,sr:competitor:115507
2937,297,2,256,16,sr:competitor:142942
2938,298,2,256,24,sr:competitor:870981
2940,300,2,254,12,sr:competitor:517274
2941,301,2,253,20,sr:competitor:202795
2942,302,2,251,23,sr:competitor:395740
2943,303,3,250,1,sr:competitor:242602
2944,304,3,248,7,sr:competitor:41737
2945,305,3,248,12,sr:competitor:48486
2946,306,3,246,10,sr:competitor:337813
2947,307,-21,242,17,sr:competitor:510530
2948,308,-37,242,25,sr:competitor:447703
2949,309,1,241,10,sr:competitor:165866
2950,310,1,241,11,sr:competitor:54397
2952,312,2,238,13,sr:competitor:226092
2953,313,3,236,5,sr:competitor:225130
2954,314,3,236,14,sr:competitor:145930
2955,315,4,235,9,sr:competitor:319349
2956,316,4,234,24,sr:competitor:37638
2957,317,4,232,12,sr:competitor:106341
2958,318,4,232,16,sr:competitor:46273
2959,319,4,231,7,sr:competitor:51477
2960,320,4,230,10,sr:competitor:58053
2961,321,4,229,13,sr:competitor:120664
2962,322,4,229,18,sr:competitor:445209
2963,323,-5,228,23,sr:competitor:154806
2964,324,4,227,16,sr:competitor:285629
2965,325,4,227,17,sr:competitor:138654
2966,326,4,225,4,sr:competitor:153860
2967,327,4,225,23,sr:competitor:70970
2968,328,4,224,20,sr:competitor:209716
2969,329,4,223,12,sr:competitor:194690
2970,330,4,223,21,sr:competitor:61922
2971,331,4,223,24,sr:competitor:63238
2972,332,-5,222,14,sr:competitor:49963
2973,333,3,221,13,sr:competitor:337811
2974,334,3,221,17,sr:competitor:217036
2975,335,3,220,16,sr:competitor:223862
2976,336,3,220,14,sr:competitor:213140
2977,337,4,220,21,sr:competitor:282057
2978,338,4,220,21,sr:competitor:345134
2979,339,4,219,7,sr:competitor:137962
2980,340,4,219,18,sr:competitor:132988
2981,341,4,219,16,sr:competitor:936009
2982,342,4,219,21,sr:competitor:25822
2983,343,4,218,27,sr:competitor:153744
2984,344,-4,218,18,sr:competitor:513582
2985,345,3,217,3,sr:competitor:55401
2986,346,3,216,16,sr:competitor:731427
2988,348,3,215,11,sr:competitor:896765
2989,349,3,215,19,sr:competitor:280989
2990,350,3,215,22,sr:competitor:289093
2991,351,3,215,26,sr:competitor:213144
2992,352,3,214,20,sr:competitor:849533
2993,353,3,211,13,sr:competitor:190870
2994,354,3,209,11,sr:competitor:105063
2995,355,3,209,12,sr:competitor:1020177
2996,356,3,209,24,sr:competitor:47876
2997,357,3,208,19,sr:competitor:254553
2998,358,3,207,8,sr:competitor:534045
2999,359,3,204,12,sr:competitor:329009
3002,362,3,202,11,sr:competitor:403329
3003,363,-58,202,11,sr:competitor:234398
3004,364,2,202,14,sr:competitor:813490
3005,365,2,201,9,sr:competitor:586739
3006,366,6,199,32,sr:competitor:315663
3009,369,1,199,25,sr:competitor:810694
3011,371,2,192,16,sr:competitor:624838
3012,372,2,192,19,sr:competitor:745799
3013,373,2,191,12,sr:competitor:496378
3014,374,2,191,24,sr:competitor:54983
3015,375,2,191,28,sr:competitor:99775
3016,376,2,189,4,sr:competitor:287769
3017,377,2,189,14,sr:competitor:280635
3018,378,2,188,32,sr:competitor:59662
3019,379,2,187,21,sr:competitor:182056
3020,380,3,186,5,sr:competitor:499484
3021,381,3,186,18,sr:competitor:42864
3022,382,3,186,12,sr:competitor:843378
3023,383,4,185,11,sr:competitor:406199
3024,384,4,185,24,sr:competitor:750329
3025,385,4,184,2,sr:competitor:42459
3026,386,4,183,15,sr:competitor:164852
3028,388,4,182,25,sr:competitor:158636
3029,389,4,181,5,sr:competitor:245295
3030,390,-78,181,18,sr:competitor:283483
3031,391,3,179,6,sr:competitor:41355
3032,392,3,179,7,sr:competitor:60276
3033,393,3,179,26,sr:competitor:20158
3034,394,3,177,22,sr:competitor:152762
3037,397,2,174,16,sr:competitor:348196
3039,399,1,173,23,sr:competitor:206957
3040,400,1,172,5,sr:competitor:728549
3041,401,1,172,21,sr:competitor:741607
3042,402,1,172,23,sr:competitor:66516
3043,403,1,171,4,sr:competitor:48455
3044,404,2,170,9,sr:competitor:202623
3045,405,2,170,17,sr:competitor:1020859
3046,406,-91,168,16,sr:competitor:299258
3048,408,1,166,24,sr:competitor:72634
3049,409,1,166,34,sr:competitor:341238
3050,410,1,165,3,sr:competitor:18588
3051,411,1,164,8,sr:competitor:264117
3052,412,1,164,8,sr:competitor:720625
3053,413,1,163,19,sr:competitor:330689
3054,414,2,162,2,sr:competitor:45915
3055,415,2,162,5,sr:competitor:47948
3056,416,2,162,13,sr:competitor:43196
3057,417,3,160,8,sr:competitor:41374
3058,418,3,160,29,sr:competitor:78785
3059,419,3,160,20,sr:competitor:782216
3060,420,3,159,5,sr:competitor:19876
3061,421,-16,159,28,sr:competitor:80723
3062,422,2,159,8,sr:competitor:153748
3063,423,2,159,10,sr:competitor:98523
3064,424,3,159,18,sr:competitor:389048
3065,425,3,158,26,sr:competitor:171354
3066,426,3,158,29,sr:competitor:201105
3067,427,3,157,12,sr:competitor:52388
3068,428,3,157,14,sr:competitor:64606
3072,432,-17,155,12,sr:competitor:282219
3073,433,2,155,15,sr:competitor:677411
3074,434,2,153,6,sr:competitor:134532
3075,435,24,153,23,sr:competitor:873729
3076,436,1,152,5,sr:competitor:34486
3077,437,1,152,21,sr:competitor:315623
3078,438,1,152,6,sr:competitor:49358
3079,439,1,152,21,sr:competitor:98105
3080,440,1,151,12,sr:competitor:58423
3082,442,-16,151,12,sr:competitor:119664
3083,443,1,151,13,sr:competitor:842594
3084,444,1,150,22,sr:competitor:569009
3085,445,1,150,14,sr:competitor:221510
3086,446,1,150,21,sr:competitor:766176
3087,447,1,149,5,sr:competitor:90814
3088,448,1,148,27,sr:competitor:185412
3089,449,1,148,12,sr:competitor:840734
3090,450,1,147,16,sr:competitor:133080
3091,451,1,147,4,sr:competitor:153736
3093,453,1,146,5,sr:competitor:535801
3094,454,-35,145,20,sr:competitor:831262
3095,455,0,145,8,sr:competitor:103375
3096,456,0,145,21,sr:competitor:371556
3097,457,0,144,14,sr:competitor:262023
3098,458,0,144,7,sr:competitor:54171
3100,460,1,143,17,sr:competitor:246945
3101,461,1,143,22,sr:competitor:171026
3102,462,1,142,12,sr:competitor:1027517
3103,463,1,142,14,sr:competitor:838900
3104,464,1,142,17,sr:competitor:341196
3105,465,1,141,3,sr:competitor:19704
3106,466,1,141,7,sr:competitor:71730
3107,467,1,141,19,sr:competitor:380368
3108,468,1,140,2,sr:competitor:124804
3109,469,1,140,16,sr:competitor:88290
3110,470,1,140,19,sr:competitor:522848
3111,471,1,139,15,sr:competitor:230108
3112,472,2,138,17,sr:competitor:522258
3113,473,2,138,9,sr:competitor:880229
3114,474,2,138,14,sr:competitor:583869
3116,476,2,137,23,sr:competitor:111149
3117,477,2,136,11,sr:competitor:158690
3118,478,2,136,16,sr:competitor:476218
3119,479,2,135,6,sr:competitor:779706
3120,480,2,135,12,sr:competitor:739667
3121,481,2,135,10,sr:competitor:342788
3122,482,2,135,23,sr:competitor:291008
3124,484,2,132,8,sr:competitor:46661
3125,485,2,132,10,sr:competitor:380396
3126,486,2,131,13,sr:competitor:915371
3128,488,2,130,16,sr:competitor:751899
3129,489,2,130,20,sr:competitor:96981
3131,491,2,129,14,sr:competitor:675193
3132,492,2,129,15,sr:competitor:827398
3135,495,37,127,20,sr:competitor:447759
3137,498,2,126,26,sr:competitor:69964
3138,499,2,126,14,sr:competitor:604388
3139,500,2,126,9,sr:competitor:18350
3140,501,2,125,9,sr:competitor:107327
3141,502,2,125,11,sr:competitor:759784
